0,329,23,NOT_STARTED,I just want to get outside!,04/20/2019,true
1,329,756,COMPLETE,Organized human-resource policy,04/13/2019,true
2,622,66,COMPLETE,Team-oriented scalable moratorium,09/03/2019,true
3,680,522,IN_PROGRESS,Front-line didactic challenge,12/24/2019,true
4,252,311,IN_PROGRESS,Quality-focused interactive task-force,01/23/2019,true
5,690,946,IN_PROGRESS,Enhanced full-range architecture,05/27/2019,false
6,305,285,IN_PROGRESS,Grass-roots dedicated array,02/10/2019,false
7,430,866,COMPLETE,Face to face neutral concept,11/01/2019,false
8,828,23,NOT_STARTED,Managed transitional help-desk,01/25/2019,false
9,507,197,IN_PROGRESS,Reactive 24/7 knowledge user,04/19/2019,false
10,486,636,NOT_STARTED,Total zero defect product,09/06/2019,false
11,686,605,NOT_STARTED,Secured reciprocal firmware,08/13/2019,false
12,909,336,NOT_STARTED,,12/27/2019,false
13,259,655,COMPLETE,Front-line dynamic solution,09/11/2019,true
14,378,397,IN_PROGRESS,Cross-platform optimal solution,05/12/2019,false
15,873,807,NOT_STARTED,Multi-lateral systematic strategy,05/10/2019,true
16,540,175,NOT_STARTED,Integrated fault-tolerant conglomeration,02/08/2019,false
17,170,758,IN_PROGRESS,,04/20/2019,false
18,401,824,COMPLETE,Enhanced web-enabled installation,02/12/2019,false
19,488,85,IN_PROGRESS,,05/15/2019,false
20,87,653,IN_PROGRESS,Intuitive well-modulated matrices,07/05/2019,false
21,93,721,COMPLETE,Persevering foreground leverage,03/11/2019,true
22,139,415,COMPLETE,,10/27/2019,false
23,21,747,IN_PROGRESS,Seamless discrete forecast,09/01/2019,true
24,86,788,COMPLETE,Cloned multi-tasking portal,07/02/2019,true
25,812,241,COMPLETE,Synchronised didactic throughput,05/02/2019,false
26,124,180,IN_PROGRESS,Customizable system-worthy Graphic Interface,05/23/2019,false
27,200,174,NOT_STARTED,Multi-tiered zero administration archive,09/26/2019,false
28,248,806,NOT_STARTED,Open-source multimedia installation,03/07/2019,true
29,780,269,IN_PROGRESS,Configurable global process improvement,05/29/2019,false
30,530,308,IN_PROGRESS,Enhanced homogeneous collaboration,09/10/2019,true
31,435,231,COMPLETE,,06/06/2019,false
32,518,950,NOT_STARTED,Managed actuating function,02/18/2019,true
33,440,584,COMPLETE,Digitized bandwidth-monitored Graphical User Interface,08/30/2019,false
34,821,0,IN_PROGRESS,Devolved asynchronous forecast,04/04/2019,false
35,49,983,NOT_STARTED,Balanced coherent application,03/23/2019,true
36,817,341,COMPLETE,Distributed exuding data-warehouse,09/07/2019,false
37,483,964,COMPLETE,Progressive fresh-thinking forecast,01/19/2020,true
38,807,484,NOT_STARTED,Multi-layered needs-based support,06/30/2019,true
39,433,56,IN_PROGRESS,Profound executive capability,11/30/2019,false
40,387,673,COMPLETE,User-friendly intermediate migration,10/04/2019,false
41,279,395,IN_PROGRESS,Robust multimedia framework,04/03/2019,true
42,137,323,IN_PROGRESS,,06/14/2019,false
43,395,953,COMPLETE,Enhanced logistical hub,06/16/2019,true
44,686,24,IN_PROGRESS,Organized demand-driven hardware,11/02/2019,true
45,646,93,IN_PROGRESS,User-centric even-keeled service-desk,10/23/2019,false
46,538,481,IN_PROGRESS,Networked optimizing internet solution,12/25/2019,false
47,6,321,IN_PROGRESS,Profound content-based interface,08/09/2019,false
48,661,995,NOT_STARTED,Cloned cohesive Graphic Interface,12/24/2019,true
49,30,456,COMPLETE,Multi-tiered high-level capacity,10/05/2019,true
50,552,611,NOT_STARTED,Focused user-facing algorithm,11/01/2019,false
51,758,532,COMPLETE,,02/22/2019,false
52,200,530,IN_PROGRESS,Open-architected optimal ability,08/20/2019,false
53,219,875,IN_PROGRESS,Vision-oriented bottom-line collaboration,10/02/2019,false
54,145,300,NOT_STARTED,Fundamental fresh-thinking success,04/15/2019,true
55,57,809,IN_PROGRESS,Compatible 4th generation contingency,11/26/2019,true
56,422,174,NOT_STARTED,Universal background superstructure,10/25/2019,true
57,577,374,NOT_STARTED,,01/19/2020,false
58,178,70,COMPLETE,Optional regional paradigm,12/28/2019,false
59,481,256,IN_PROGRESS,Reactive next generation website,07/05/2019,true
60,841,546,NOT_STARTED,,08/04/2019,false
61,690,205,NOT_STARTED,,02/15/2019,true
62,628,50,COMPLETE,Customer-focused bottom-line parallelism,12/31/2019,true
63,900,133,COMPLETE,Customizable didactic matrices,10/19/2019,false
64,646,656,NOT_STARTED,Integrated dedicated orchestration,08/08/2019,false
65,511,984,NOT_STARTED,Cross-platform intangible archive,10/06/2019,true
66,502,65,IN_PROGRESS,Profound analyzing data-warehouse,08/05/2019,false
67,85,738,COMPLETE,Reverse-engineered executive leverage,07/31/2019,true
68,358,74,NOT_STARTED,Reverse-engineered next generation software,01/10/2020,false
69,908,618,NOT_STARTED,Grass-roots explicit hardware,01/23/2019,true
70,332,801,IN_PROGRESS,Exclusive multimedia ability,09/22/2019,true
71,768,690,NOT_STARTED,Front-line empowering firmware,07/10/2019,true
72,814,98,IN_PROGRESS,Front-line asymmetric knowledge user,04/25/2019,true
73,15,635,IN_PROGRESS,De-engineered needs-based strategy,03/15/2019,true
74,686,578,IN_PROGRESS,Profit-focused web-enabled product,06/05/2019,true
75,585,309,IN_PROGRESS,Stand-alone dedicated capacity,11/24/2019,false
76,679,793,NOT_STARTED,Exclusive 3rd generation workforce,10/08/2019,true
77,685,660,NOT_STARTED,Front-line non-volatile success,01/17/2020,true
78,442,786,NOT_STARTED,Integrated fresh-thinking archive,04/12/2019,true
79,687,183,IN_PROGRESS,Visionary intermediate monitoring,07/03/2019,true
80,615,142,NOT_STARTED,Optional multi-state analyzer,07/11/2019,false
81,480,307,COMPLETE,Synergistic 24 hour array,01/06/2020,true
82,529,562,NOT_STARTED,Customizable client-driven circuit,06/04/2019,false
83,943,378,NOT_STARTED,Enterprise-wide optimizing data-warehouse,04/05/2019,false
84,261,982,COMPLETE,Synergized bi-directional structure,03/15/2019,false
85,287,575,NOT_STARTED,Cloned background orchestration,03/19/2019,false
86,316,10,NOT_STARTED,Synergized multimedia benchmark,06/14/2019,false
87,534,777,NOT_STARTED,Persevering contextually-based benchmark,01/07/2020,true
88,852,832,IN_PROGRESS,Object-based 6th generation intranet,10/09/2019,true
89,360,874,NOT_STARTED,Assimilated tangible policy,05/27/2019,false
90,414,799,IN_PROGRESS,Sharable bottom-line structure,04/27/2019,true
91,364,725,COMPLETE,Organic exuding forecast,04/26/2019,false
92,39,345,IN_PROGRESS,Streamlined dynamic installation,05/02/2019,true
93,618,523,IN_PROGRESS,Fundamental web-enabled emulation,02/04/2019,false
94,99,412,IN_PROGRESS,Decentralized object-oriented system engine,02/08/2019,true
95,57,552,COMPLETE,Persistent object-oriented contingency,10/09/2019,false
96,164,43,IN_PROGRESS,Digitized modular portal,12/04/2019,true
97,602,608,NOT_STARTED,Optimized bandwidth-monitored project,09/02/2019,true
98,626,833,COMPLETE,Customizable reciprocal emulation,11/29/2019,false
99,679,510,IN_PROGRESS,Automated regional Graphical User Interface,02/16/2019,true
100,745,172,COMPLETE,Multi-channelled 5th generation encryption,07/03/2019,false
101,359,569,IN_PROGRESS,Object-based solution-oriented standardization,03/07/2019,true
102,997,366,IN_PROGRESS,,06/10/2019,true
103,542,301,NOT_STARTED,Future-proofed user-facing open system,04/20/2019,true
104,589,20,IN_PROGRESS,Mandatory bi-directional local area network,12/26/2019,true
105,478,694,NOT_STARTED,,01/03/2020,false
106,590,870,COMPLETE,Digitized client-server circuit,02/14/2019,false
107,605,728,IN_PROGRESS,,05/17/2019,false
108,665,977,COMPLETE,Re-contextualized intermediate groupware,07/04/2019,false
109,733,456,NOT_STARTED,Business-focused neutral task-force,04/18/2019,false
110,945,692,COMPLETE,Re-contextualized actuating paradigm,03/17/2019,true
111,682,187,NOT_STARTED,Optional clear-thinking matrix,01/11/2020,true
112,538,734,COMPLETE,Business-focused real-time Graphical User Interface,01/31/2019,true
113,120,27,COMPLETE,Multi-channelled multimedia moderator,05/15/2019,false
114,796,641,NOT_STARTED,Reactive mobile strategy,05/04/2019,true
115,19,203,NOT_STARTED,Centralized discrete installation,09/23/2019,false
116,295,837,COMPLETE,Ergonomic local functionalities,08/15/2019,true
117,0,79,COMPLETE,Expanded dedicated encryption,08/10/2019,false
118,977,723,NOT_STARTED,Total exuding neural-net,10/21/2019,false
119,295,583,NOT_STARTED,User-friendly eco-centric function,04/12/2019,true
120,403,169,IN_PROGRESS,Devolved explicit moratorium,04/02/2019,false
121,987,148,IN_PROGRESS,,01/20/2020,false
122,555,847,IN_PROGRESS,Universal mobile ability,11/29/2019,false
123,500,724,NOT_STARTED,,10/25/2019,false
124,870,796,COMPLETE,Public-key incremental structure,05/10/2019,true
125,220,162,IN_PROGRESS,Inverse homogeneous solution,04/16/2019,true
126,537,159,IN_PROGRESS,Versatile clear-thinking middleware,09/12/2019,true
127,230,704,IN_PROGRESS,Grass-roots solution-oriented throughput,02/26/2019,false
128,558,228,COMPLETE,Cross-group impactful Graphic Interface,04/20/2019,true
129,241,984,NOT_STARTED,Up-sized fault-tolerant productivity,07/30/2019,true
130,830,819,NOT_STARTED,Automated asynchronous forecast,04/09/2019,false
131,254,860,IN_PROGRESS,,02/18/2019,true
132,995,412,IN_PROGRESS,Reduced systematic leverage,09/01/2019,true
133,980,495,NOT_STARTED,,12/26/2019,true
134,375,685,NOT_STARTED,De-engineered zero tolerance synergy,03/19/2019,true
135,871,696,IN_PROGRESS,Operative solution-oriented moratorium,09/13/2019,true
136,726,602,IN_PROGRESS,,09/17/2019,false
137,806,909,IN_PROGRESS,Self-enabling mobile encryption,06/18/2019,true
138,292,891,NOT_STARTED,Horizontal methodical pricing structure,10/09/2019,false
139,560,668,IN_PROGRESS,Open-architected leading edge attitude,01/06/2020,false
140,305,281,COMPLETE,,10/12/2019,false
141,662,493,COMPLETE,,11/18/2019,false
142,56,129,COMPLETE,Monitored systemic parallelism,08/05/2019,false
143,341,608,IN_PROGRESS,Optimized next generation product,05/06/2019,true
144,181,762,COMPLETE,Automated zero tolerance groupware,07/20/2019,true
145,694,9,COMPLETE,Synergistic next generation paradigm,10/25/2019,true
146,615,371,NOT_STARTED,,01/26/2019,true
147,847,153,NOT_STARTED,Future-proofed hybrid policy,12/18/2019,true
148,519,310,COMPLETE,Ergonomic dedicated framework,10/03/2019,false
149,757,143,COMPLETE,Re-contextualized analyzing knowledge user,09/21/2019,false
150,426,129,COMPLETE,Team-oriented dedicated internet solution,01/31/2019,true
151,268,900,IN_PROGRESS,Horizontal asymmetric customer loyalty,11/10/2019,true
152,434,490,IN_PROGRESS,Universal asymmetric capacity,07/09/2019,false
153,433,451,NOT_STARTED,Programmable actuating application,02/04/2019,true
154,463,157,COMPLETE,Implemented high-level matrices,09/13/2019,true
155,725,898,COMPLETE,Compatible exuding knowledge base,03/24/2019,true
156,145,478,IN_PROGRESS,Multi-lateral responsive product,01/08/2020,false
157,888,340,NOT_STARTED,Expanded human-resource Graphic Interface,04/22/2019,true
158,957,710,NOT_STARTED,Horizontal optimizing flexibility,11/11/2019,false
159,462,572,IN_PROGRESS,Profit-focused stable moratorium,01/05/2020,true
160,515,984,NOT_STARTED,Fundamental transitional function,02/09/2019,true
161,645,626,IN_PROGRESS,Reverse-engineered methodical moratorium,05/01/2019,false
162,565,117,NOT_STARTED,Monitored context-sensitive instruction set,12/29/2019,true
163,543,517,COMPLETE,,11/03/2019,false
164,69,771,NOT_STARTED,De-engineered reciprocal data-warehouse,06/03/2019,false
165,837,986,NOT_STARTED,Open-architected asymmetric functionalities,10/23/2019,false
166,120,837,IN_PROGRESS,Assimilated static success,09/28/2019,false
167,653,746,IN_PROGRESS,Robust human-resource frame,09/29/2019,false
168,166,706,COMPLETE,Cloned needs-based focus group,06/18/2019,true
169,121,891,COMPLETE,Configurable incremental info-mediaries,01/13/2020,true
170,298,260,COMPLETE,Multi-channelled fresh-thinking internet solution,01/04/2020,true
171,39,729,IN_PROGRESS,Extended executive instruction set,05/12/2019,false
172,120,398,NOT_STARTED,,06/05/2019,true
173,320,813,IN_PROGRESS,,11/08/2019,false
174,684,188,IN_PROGRESS,Organic reciprocal budgetary management,07/12/2019,true
175,688,232,IN_PROGRESS,Secured reciprocal archive,03/19/2019,true
176,935,331,COMPLETE,Assimilated cohesive paradigm,01/18/2020,true
177,637,35,COMPLETE,Optimized national utilisation,01/04/2020,true
178,588,743,NOT_STARTED,Visionary directional attitude,03/29/2019,true
179,870,278,COMPLETE,Triple-buffered tangible internet solution,02/10/2019,true
180,161,95,IN_PROGRESS,,09/18/2019,true
181,502,396,COMPLETE,Realigned discrete conglomeration,10/25/2019,false
182,428,251,IN_PROGRESS,Stand-alone intermediate project,11/03/2019,false
183,946,693,IN_PROGRESS,Implemented impactful application,10/15/2019,true
184,761,337,COMPLETE,Open-source modular process improvement,01/01/2020,true
185,110,350,NOT_STARTED,Ergonomic client-driven core,01/16/2020,true
186,526,2,IN_PROGRESS,Open-source value-added neural-net,02/24/2019,true
187,48,571,COMPLETE,Decentralized optimal support,08/27/2019,true
188,801,470,NOT_STARTED,,12/17/2019,false
189,902,70,IN_PROGRESS,Front-line homogeneous capability,02/07/2019,false
190,522,297,NOT_STARTED,Optimized dedicated knowledge user,11/27/2019,true
191,120,3,IN_PROGRESS,,05/17/2019,false
192,483,23,NOT_STARTED,Multi-tiered multimedia challenge,11/16/2019,false
193,761,159,IN_PROGRESS,,03/23/2019,false
194,546,53,NOT_STARTED,Re-engineered systemic help-desk,03/13/2019,true
195,312,477,COMPLETE,User-centric heuristic access,09/19/2019,true
196,630,224,IN_PROGRESS,Extended optimal interface,08/16/2019,true
197,780,31,COMPLETE,Programmable fault-tolerant paradigm,11/01/2019,true
198,860,999,NOT_STARTED,User-centric explicit time-frame,01/30/2019,true
199,856,538,NOT_STARTED,De-engineered bottom-line protocol,08/07/2019,true
200,550,371,IN_PROGRESS,Horizontal context-sensitive throughput,02/01/2019,false
201,998,102,COMPLETE,Networked contextually-based budgetary management,02/10/2019,true
202,678,477,NOT_STARTED,Cross-platform next generation analyzer,06/02/2019,true
203,868,908,COMPLETE,User-friendly cohesive website,06/29/2019,false
204,179,121,IN_PROGRESS,Reduced solution-oriented functionalities,08/07/2019,false
205,231,931,IN_PROGRESS,Team-oriented next generation database,03/04/2019,false
206,875,781,COMPLETE,,06/12/2019,false
207,582,190,COMPLETE,Extended real-time approach,11/08/2019,true
208,531,603,COMPLETE,Sharable incremental parallelism,09/21/2019,false
209,738,519,IN_PROGRESS,Re-engineered methodical pricing structure,06/24/2019,false
210,351,887,NOT_STARTED,Persistent interactive concept,09/01/2019,true
211,203,994,COMPLETE,Switchable real-time policy,06/04/2019,true
212,822,891,IN_PROGRESS,,03/27/2019,true
213,438,846,IN_PROGRESS,Compatible explicit interface,07/08/2019,false
214,150,623,NOT_STARTED,Ergonomic executive interface,09/22/2019,false
215,280,628,COMPLETE,User-centric zero tolerance architecture,10/09/2019,true
216,281,370,NOT_STARTED,Down-sized demand-driven workforce,01/23/2019,true
217,477,384,NOT_STARTED,,03/20/2019,true
218,174,621,NOT_STARTED,Profound tangible budgetary management,12/22/2019,true
219,785,520,COMPLETE,Persevering tangible algorithm,11/18/2019,true
220,930,948,IN_PROGRESS,Face to face intermediate installation,12/02/2019,true
221,321,691,NOT_STARTED,,05/08/2019,false
222,835,530,COMPLETE,User-centric coherent circuit,01/23/2019,true
223,102,595,IN_PROGRESS,Phased 3rd generation model,02/04/2019,true
224,639,483,IN_PROGRESS,Diverse fault-tolerant focus group,02/09/2019,false
225,926,437,IN_PROGRESS,Synergized needs-based throughput,11/13/2019,true
226,769,13,IN_PROGRESS,Configurable composite system engine,02/01/2019,false
227,630,440,NOT_STARTED,Monitored real-time encryption,10/03/2019,true
228,3,188,IN_PROGRESS,Persevering foreground service-desk,01/02/2020,false
229,546,921,NOT_STARTED,Devolved stable support,02/17/2019,false
230,538,131,COMPLETE,Horizontal needs-based migration,07/29/2019,false
231,745,696,NOT_STARTED,Diverse human-resource contingency,11/18/2019,false
232,479,717,NOT_STARTED,,03/24/2019,true
233,606,535,IN_PROGRESS,,02/24/2019,false
234,671,564,NOT_STARTED,,05/28/2019,false
235,799,636,COMPLETE,Multi-lateral asymmetric pricing structure,09/14/2019,true
236,516,297,NOT_STARTED,Open-source bifurcated software,10/27/2019,true
237,614,799,COMPLETE,,09/09/2019,true
238,993,86,IN_PROGRESS,Virtual 4th generation circuit,04/21/2019,false
239,341,923,COMPLETE,Decentralized bottom-line orchestration,09/07/2019,false
240,831,691,IN_PROGRESS,Multi-layered exuding pricing structure,05/20/2019,false
241,792,53,COMPLETE,Advanced national model,08/05/2019,false
242,530,350,COMPLETE,Pre-emptive bandwidth-monitored adapter,01/31/2019,true
243,142,349,COMPLETE,,06/19/2019,true
244,628,584,NOT_STARTED,,08/25/2019,false
245,771,840,COMPLETE,Organic zero administration toolset,03/13/2019,true
246,698,131,COMPLETE,,03/25/2019,true
247,292,438,COMPLETE,,02/23/2019,false
248,708,263,COMPLETE,Visionary interactive portal,06/23/2019,true
249,312,493,IN_PROGRESS,Total content-based neural-net,05/16/2019,true
250,700,985,COMPLETE,,02/05/2019,true
251,277,511,IN_PROGRESS,Expanded needs-based methodology,07/05/2019,false
252,629,11,IN_PROGRESS,Balanced multi-tasking implementation,08/02/2019,false
253,810,504,COMPLETE,,02/02/2019,false
254,848,28,IN_PROGRESS,,09/10/2019,true
255,605,506,IN_PROGRESS,Configurable systemic website,09/18/2019,true
256,317,607,COMPLETE,Switchable executive emulation,11/27/2019,false
257,733,997,NOT_STARTED,Virtual maximized initiative,01/11/2020,false
258,60,975,NOT_STARTED,Cloned analyzing framework,03/21/2019,true
259,472,301,COMPLETE,Persistent uniform archive,12/23/2019,true
260,603,138,COMPLETE,Integrated impactful policy,06/27/2019,true
261,585,883,COMPLETE,Adaptive zero tolerance artificial intelligence,02/27/2019,false
262,954,54,COMPLETE,User-centric static archive,06/26/2019,true
263,355,184,COMPLETE,Re-contextualized high-level pricing structure,05/20/2019,false
264,77,780,NOT_STARTED,Reactive human-resource encoding,09/22/2019,true
265,268,282,COMPLETE,Cloned content-based infrastructure,10/11/2019,false
266,320,685,NOT_STARTED,Cross-platform demand-driven leverage,11/12/2019,false
267,276,485,COMPLETE,Self-enabling directional methodology,09/07/2019,true
268,576,868,NOT_STARTED,Stand-alone fault-tolerant strategy,11/14/2019,true
269,319,100,COMPLETE,Decentralized high-level alliance,05/16/2019,true
270,410,114,IN_PROGRESS,Cross-platform responsive flexibility,12/30/2019,true
271,33,760,NOT_STARTED,,10/03/2019,true
272,620,650,COMPLETE,,09/28/2019,false
273,979,454,COMPLETE,Mandatory explicit archive,12/21/2019,true
274,52,811,IN_PROGRESS,Ergonomic explicit hierarchy,01/27/2019,true
275,913,499,IN_PROGRESS,User-centric exuding migration,11/26/2019,false
276,561,974,COMPLETE,Self-enabling actuating Graphic Interface,12/01/2019,false
277,387,390,NOT_STARTED,Re-contextualized clear-thinking intranet,07/26/2019,false
278,233,59,IN_PROGRESS,Triple-buffered fresh-thinking benchmark,01/30/2019,true
279,415,622,IN_PROGRESS,Persevering coherent time-frame,05/26/2019,true
280,984,906,COMPLETE,Customizable tertiary application,04/07/2019,false
281,307,634,COMPLETE,Visionary human-resource leverage,04/18/2019,true
282,404,372,IN_PROGRESS,Decentralized coherent product,10/03/2019,true
283,371,59,NOT_STARTED,Innovative asynchronous model,06/06/2019,false
284,655,113,NOT_STARTED,Phased neutral methodology,08/05/2019,false
285,270,194,IN_PROGRESS,Focused well-modulated initiative,04/10/2019,true
286,714,764,IN_PROGRESS,Configurable multi-tasking customer loyalty,05/11/2019,false
287,467,225,IN_PROGRESS,,01/25/2019,false
288,462,496,COMPLETE,Universal didactic strategy,07/04/2019,false
289,346,137,IN_PROGRESS,,12/09/2019,false
290,305,302,IN_PROGRESS,Multi-layered coherent methodology,02/13/2019,true
291,425,473,COMPLETE,User-centric upward-trending extranet,11/04/2019,false
292,966,513,NOT_STARTED,Upgradable asynchronous service-desk,02/17/2019,true
293,884,173,NOT_STARTED,,10/22/2019,false
294,617,315,NOT_STARTED,Automated local strategy,02/01/2019,false
295,719,918,IN_PROGRESS,Secured empowering protocol,12/22/2019,true
296,20,495,NOT_STARTED,Compatible bi-directional time-frame,05/07/2019,false
297,464,945,IN_PROGRESS,Seamless encompassing open architecture,02/28/2019,false
298,990,539,NOT_STARTED,Open-architected bi-directional synergy,04/24/2019,true
299,162,274,COMPLETE,Expanded interactive database,12/12/2019,false
300,960,154,IN_PROGRESS,Decentralized optimizing Graphical User Interface,02/23/2019,false
301,91,517,COMPLETE,Diverse web-enabled infrastructure,04/13/2019,false
302,874,119,COMPLETE,Enterprise-wide 6th generation database,11/29/2019,true
303,413,741,COMPLETE,Mandatory asymmetric intranet,10/16/2019,false
304,295,685,COMPLETE,Compatible non-volatile portal,01/23/2019,true
305,993,880,COMPLETE,Synchronised user-facing knowledge user,10/01/2019,false
306,173,825,IN_PROGRESS,Cross-group fresh-thinking infrastructure,06/17/2019,false
307,470,966,NOT_STARTED,Stand-alone background website,09/23/2019,true
308,580,771,NOT_STARTED,Universal interactive artificial intelligence,07/28/2019,false
309,371,749,NOT_STARTED,,10/03/2019,false
310,926,45,COMPLETE,,12/12/2019,true
311,714,669,COMPLETE,Pre-emptive bifurcated collaboration,06/17/2019,true
312,897,117,COMPLETE,Face to face transitional superstructure,10/11/2019,false
313,185,305,IN_PROGRESS,Optional scalable ability,07/02/2019,false
314,918,291,NOT_STARTED,Pre-emptive composite intranet,10/30/2019,false
315,485,307,COMPLETE,Customizable bifurcated structure,11/29/2019,false
316,117,294,COMPLETE,Virtual scalable Graphical User Interface,01/06/2020,true
317,727,719,IN_PROGRESS,Enterprise-wide fault-tolerant benchmark,12/27/2019,false
318,427,569,COMPLETE,Programmable encompassing moderator,04/27/2019,true
319,469,845,COMPLETE,Realigned reciprocal interface,01/01/2020,true
320,323,279,COMPLETE,,05/18/2019,false
321,463,527,COMPLETE,Programmable reciprocal hierarchy,09/26/2019,true
322,977,397,IN_PROGRESS,Devolved bifurcated superstructure,10/19/2019,false
323,776,428,NOT_STARTED,Self-enabling grid-enabled middleware,10/31/2019,true
324,654,795,IN_PROGRESS,Enhanced regional productivity,01/20/2020,false
325,817,796,IN_PROGRESS,Innovative 4th generation conglomeration,10/31/2019,true
326,799,10,COMPLETE,Networked system-worthy monitoring,04/03/2019,true
327,185,30,COMPLETE,Triple-buffered tertiary complexity,11/26/2019,true
328,947,255,IN_PROGRESS,Persevering discrete array,02/15/2019,false
329,444,835,IN_PROGRESS,Progressive exuding artificial intelligence,10/29/2019,true
330,892,821,NOT_STARTED,Organized secondary open system,04/05/2019,false
331,432,618,IN_PROGRESS,Implemented bi-directional model,04/22/2019,false
332,150,747,COMPLETE,Mandatory 24/7 ability,07/16/2019,true
333,962,10,NOT_STARTED,De-engineered hybrid customer loyalty,02/18/2019,false
334,734,190,COMPLETE,Total bi-directional capacity,06/03/2019,true
335,268,446,COMPLETE,Versatile multi-state knowledge user,10/21/2019,true
336,463,163,COMPLETE,Cross-platform cohesive database,05/25/2019,true
337,989,757,NOT_STARTED,Automated clear-thinking flexibility,12/16/2019,true
338,885,984,IN_PROGRESS,Versatile optimal strategy,09/25/2019,true
339,114,145,COMPLETE,Virtual even-keeled parallelism,03/07/2019,false
340,303,642,NOT_STARTED,Optional zero administration leverage,09/03/2019,true
341,575,596,COMPLETE,Distributed multimedia hub,03/18/2019,false
342,861,123,NOT_STARTED,Proactive stable leverage,07/20/2019,false
343,544,770,COMPLETE,Centralized dynamic encoding,08/04/2019,true
344,944,381,COMPLETE,Cross-group 6th generation Graphical User Interface,12/05/2019,false
345,932,915,COMPLETE,Pre-emptive coherent artificial intelligence,03/08/2019,true
346,652,515,IN_PROGRESS,Polarised cohesive knowledge base,06/20/2019,false
347,856,565,COMPLETE,Implemented radical software,01/01/2020,false
348,78,278,COMPLETE,Visionary clear-thinking architecture,07/12/2019,true
349,625,805,IN_PROGRESS,Mandatory optimal time-frame,01/27/2019,false
350,521,748,COMPLETE,Face to face logistical circuit,02/16/2019,true
351,430,974,NOT_STARTED,Team-oriented 3rd generation matrices,03/18/2019,false
352,378,127,COMPLETE,,02/01/2019,true
353,689,318,COMPLETE,Public-key neutral data-warehouse,12/28/2019,false
354,175,883,NOT_STARTED,,06/13/2019,true
355,56,899,NOT_STARTED,Enhanced bandwidth-monitored internet solution,04/11/2019,false
356,940,862,NOT_STARTED,,05/18/2019,true
357,867,202,NOT_STARTED,,12/16/2019,true
358,567,7,NOT_STARTED,Persistent leading edge core,11/28/2019,false
359,316,70,COMPLETE,Persevering 3rd generation architecture,06/27/2019,false
360,600,40,IN_PROGRESS,Multi-layered intermediate moderator,06/06/2019,true
361,49,383,IN_PROGRESS,Visionary multi-state migration,11/08/2019,false
362,353,869,COMPLETE,Persevering hybrid system engine,09/15/2019,true
363,429,498,IN_PROGRESS,,10/08/2019,true
364,112,590,NOT_STARTED,Managed directional framework,04/10/2019,true
365,236,812,NOT_STARTED,,06/22/2019,false
366,310,601,NOT_STARTED,Digitized client-driven utilisation,08/23/2019,false
367,293,35,COMPLETE,Universal directional extranet,02/15/2019,false
368,195,881,IN_PROGRESS,Reverse-engineered executive info-mediaries,03/12/2019,false
369,614,23,IN_PROGRESS,Networked heuristic complexity,02/10/2019,false
370,822,888,COMPLETE,Implemented disintermediate neural-net,06/03/2019,true
371,6,88,COMPLETE,Programmable user-facing moratorium,10/30/2019,true
372,141,604,COMPLETE,Fundamental mission-critical collaboration,02/17/2019,true
373,898,463,IN_PROGRESS,Exclusive solution-oriented firmware,05/30/2019,false
374,899,742,NOT_STARTED,Cross-group even-keeled policy,09/29/2019,false
375,5,835,IN_PROGRESS,Digitized empowering hardware,07/14/2019,true
376,357,296,IN_PROGRESS,Centralized zero tolerance utilisation,09/21/2019,true
377,923,607,NOT_STARTED,Up-sized 24 hour attitude,02/11/2019,true
378,407,166,NOT_STARTED,Devolved reciprocal forecast,01/31/2019,true
379,84,290,NOT_STARTED,Assimilated demand-driven array,09/29/2019,true
380,853,272,NOT_STARTED,Inverse next generation artificial intelligence,06/05/2019,true
381,972,418,NOT_STARTED,Quality-focused encompassing Graphic Interface,04/28/2019,false
382,844,320,COMPLETE,Ergonomic hybrid pricing structure,07/22/2019,false
383,488,998,COMPLETE,Down-sized bifurcated forecast,04/04/2019,false
384,495,836,IN_PROGRESS,Object-based multimedia system engine,09/27/2019,false
385,552,439,NOT_STARTED,Streamlined 3rd generation concept,11/20/2019,true
386,411,873,IN_PROGRESS,Customizable explicit approach,10/04/2019,false
387,66,950,NOT_STARTED,Robust 6th generation alliance,11/08/2019,false
388,330,670,NOT_STARTED,Automated real-time info-mediaries,04/07/2019,true
389,13,364,IN_PROGRESS,Fundamental static contingency,06/03/2019,true
390,990,906,IN_PROGRESS,Networked 5th generation budgetary management,08/07/2019,true
391,290,682,COMPLETE,,10/30/2019,true
392,213,149,NOT_STARTED,Multi-layered asynchronous archive,04/11/2019,false
393,995,428,COMPLETE,,11/24/2019,false
394,534,801,NOT_STARTED,Upgradable logistical definition,08/21/2019,true
395,724,756,IN_PROGRESS,User-friendly actuating orchestration,08/06/2019,false
396,998,948,COMPLETE,Versatile client-driven open system,02/19/2019,true
397,483,135,NOT_STARTED,Configurable fresh-thinking matrix,12/12/2019,true
398,442,789,IN_PROGRESS,,03/05/2019,false
399,880,143,COMPLETE,Multi-tiered maximized matrices,03/31/2019,false
400,640,558,IN_PROGRESS,Universal mission-critical benchmark,08/19/2019,true
401,199,905,IN_PROGRESS,Optimized empowering contingency,01/16/2020,true
402,913,103,IN_PROGRESS,Sharable encompassing projection,09/19/2019,false
403,278,597,NOT_STARTED,Digitized eco-centric structure,08/11/2019,true
404,421,538,NOT_STARTED,Compatible local model,04/20/2019,true
405,333,732,NOT_STARTED,,02/25/2019,true
406,612,976,COMPLETE,Multi-channelled 24 hour task-force,12/21/2019,false
407,265,124,IN_PROGRESS,Horizontal 24 hour secured line,11/24/2019,false
408,436,621,IN_PROGRESS,Progressive context-sensitive customer loyalty,05/30/2019,false
409,597,908,IN_PROGRESS,Fully-configurable disintermediate matrix,02/04/2019,false
410,647,605,IN_PROGRESS,Focused coherent throughput,06/25/2019,true
411,246,912,IN_PROGRESS,Balanced transitional standardization,11/28/2019,false
412,222,761,IN_PROGRESS,,03/07/2019,false
413,601,790,NOT_STARTED,Future-proofed fresh-thinking approach,02/08/2019,false
414,50,409,COMPLETE,Virtual even-keeled utilisation,05/07/2019,true
415,129,608,NOT_STARTED,,06/23/2019,false
416,586,747,COMPLETE,Implemented real-time encryption,05/18/2019,true
417,304,96,IN_PROGRESS,Reactive homogeneous application,06/03/2019,false
418,690,158,NOT_STARTED,Organic directional moderator,08/22/2019,true
419,622,888,IN_PROGRESS,Innovative contextually-based knowledge base,08/18/2019,false
420,888,393,IN_PROGRESS,Networked attitude-oriented open architecture,05/16/2019,true
421,243,526,COMPLETE,Open-source user-facing monitoring,06/22/2019,false
422,419,284,IN_PROGRESS,Networked incremental challenge,03/07/2019,true
423,577,738,IN_PROGRESS,Front-line asymmetric emulation,07/08/2019,false
424,744,293,COMPLETE,Business-focused methodical functionalities,05/22/2019,true
425,41,850,NOT_STARTED,Organized executive projection,09/22/2019,true
426,184,846,NOT_STARTED,Future-proofed holistic parallelism,10/07/2019,false
427,116,378,NOT_STARTED,Decentralized eco-centric complexity,07/21/2019,true
428,201,508,IN_PROGRESS,Cloned secondary functionalities,03/30/2019,true
429,3,150,COMPLETE,Advanced context-sensitive portal,04/14/2019,false
430,566,477,COMPLETE,Organized directional utilisation,08/15/2019,true
431,819,45,COMPLETE,Business-focused foreground local area network,01/03/2020,false
432,573,739,IN_PROGRESS,Seamless maximized standardization,06/05/2019,false
433,174,936,NOT_STARTED,Enterprise-wide heuristic data-warehouse,03/31/2019,false
434,61,125,NOT_STARTED,Open-architected 5th generation infrastructure,06/30/2019,false
435,337,671,NOT_STARTED,Face to face needs-based moratorium,11/20/2019,true
436,330,779,NOT_STARTED,Intuitive value-added interface,07/27/2019,true
437,705,130,NOT_STARTED,Balanced hybrid knowledge base,02/02/2019,false
438,907,918,NOT_STARTED,Proactive client-driven functionalities,06/27/2019,false
439,508,584,IN_PROGRESS,,04/22/2019,true
440,898,444,IN_PROGRESS,Cloned mission-critical matrices,02/15/2019,false
441,48,489,IN_PROGRESS,,09/25/2019,true
442,199,287,NOT_STARTED,Multi-layered multimedia info-mediaries,01/18/2020,false
443,348,199,IN_PROGRESS,Multi-lateral systemic flexibility,04/14/2019,false
444,354,448,COMPLETE,Future-proofed multi-state extranet,11/25/2019,false
445,239,406,NOT_STARTED,,09/29/2019,true
446,194,706,NOT_STARTED,Self-enabling motivating circuit,03/13/2019,true
447,824,753,NOT_STARTED,Integrated regional access,01/17/2020,false
448,518,826,COMPLETE,Realigned user-facing productivity,09/05/2019,false
449,111,517,NOT_STARTED,,08/11/2019,false
450,219,46,NOT_STARTED,,07/13/2019,false
451,370,139,IN_PROGRESS,Optimized stable database,11/25/2019,true
452,630,465,COMPLETE,Seamless neutral contingency,12/13/2019,true
453,294,770,IN_PROGRESS,Inverse background knowledge user,10/30/2019,true
454,171,670,IN_PROGRESS,Reactive directional emulation,05/13/2019,false
455,654,145,NOT_STARTED,,09/16/2019,false
456,505,875,NOT_STARTED,Business-focused composite process improvement,01/11/2020,true
457,41,104,COMPLETE,Pre-emptive 24 hour open architecture,07/12/2019,false
458,376,450,IN_PROGRESS,Implemented client-server process improvement,05/28/2019,false
459,764,488,NOT_STARTED,Optimized next generation flexibility,01/07/2020,false
460,268,975,NOT_STARTED,,09/05/2019,false
461,958,213,NOT_STARTED,Fundamental contextually-based methodology,07/15/2019,false
462,60,736,NOT_STARTED,Operative transitional database,02/22/2019,true
463,761,973,COMPLETE,Digitized web-enabled implementation,07/13/2019,true
464,655,312,NOT_STARTED,Organic 6th generation artificial intelligence,07/07/2019,false
465,651,437,NOT_STARTED,Managed disintermediate definition,08/30/2019,true
466,320,215,IN_PROGRESS,Quality-focused multi-state internet solution,09/13/2019,false
467,73,211,COMPLETE,Stand-alone zero tolerance budgetary management,09/11/2019,false
468,96,375,IN_PROGRESS,Function-based bifurcated solution,02/09/2019,true
469,292,81,IN_PROGRESS,Assimilated uniform encoding,09/26/2019,true
470,141,773,COMPLETE,,06/05/2019,true
471,516,295,COMPLETE,Devolved mission-critical projection,02/23/2019,true
472,454,982,IN_PROGRESS,Persistent systematic collaboration,07/14/2019,true
473,417,569,NOT_STARTED,,06/22/2019,false
474,50,371,COMPLETE,Reduced composite knowledge base,09/05/2019,true
475,722,378,IN_PROGRESS,Fully-configurable mobile moderator,09/12/2019,true
476,289,937,IN_PROGRESS,Horizontal asymmetric customer loyalty,02/16/2019,true
477,420,715,COMPLETE,Centralized dynamic installation,03/04/2019,false
478,622,190,IN_PROGRESS,Customer-focused multimedia capability,01/18/2020,false
479,676,212,IN_PROGRESS,Expanded global Graphic Interface,07/28/2019,false
480,531,43,COMPLETE,Persistent user-facing algorithm,11/05/2019,true
481,789,175,NOT_STARTED,,06/29/2019,true
482,82,976,COMPLETE,Virtual maximized portal,12/30/2019,false
483,517,568,COMPLETE,,03/02/2019,true
484,857,893,IN_PROGRESS,Profit-focused transitional system engine,10/17/2019,true
485,377,924,IN_PROGRESS,,03/30/2019,true
486,126,262,COMPLETE,Managed 24/7 infrastructure,05/06/2019,true
487,205,153,COMPLETE,Inverse reciprocal projection,01/05/2020,false
488,229,749,IN_PROGRESS,Secured zero administration function,04/27/2019,false
489,363,513,COMPLETE,Virtual real-time artificial intelligence,09/17/2019,false
490,352,518,IN_PROGRESS,Universal methodical approach,02/18/2019,false
491,324,519,NOT_STARTED,Devolved web-enabled Graphic Interface,06/20/2019,true
492,995,629,IN_PROGRESS,Right-sized 4th generation initiative,11/25/2019,false
493,539,468,IN_PROGRESS,Horizontal intermediate data-warehouse,11/08/2019,true
494,402,965,IN_PROGRESS,Compatible fresh-thinking open system,12/25/2019,false
495,905,949,IN_PROGRESS,Profit-focused tertiary framework,03/02/2019,false
496,120,367,IN_PROGRESS,Progressive reciprocal challenge,05/13/2019,false
497,207,192,COMPLETE,Team-oriented full-range matrix,01/12/2020,false
498,723,563,COMPLETE,Mandatory context-sensitive algorithm,12/27/2019,false
499,64,743,IN_PROGRESS,Distributed modular firmware,12/02/2019,false
500,365,413,IN_PROGRESS,Networked leading edge data-warehouse,09/26/2019,true
501,296,764,COMPLETE,Persevering needs-based archive,09/22/2019,false
502,567,200,IN_PROGRESS,Implemented multi-tasking migration,03/24/2019,false
503,290,457,COMPLETE,Realigned secondary structure,03/24/2019,false
504,800,572,IN_PROGRESS,Stand-alone clear-thinking array,03/10/2019,false
505,609,818,IN_PROGRESS,Integrated web-enabled standardization,01/07/2020,false
506,186,139,NOT_STARTED,,11/22/2019,false
507,236,603,IN_PROGRESS,Innovative uniform functionalities,03/13/2019,false
508,945,173,NOT_STARTED,Realigned global standardization,11/18/2019,true
509,800,455,COMPLETE,,06/12/2019,true
510,661,83,COMPLETE,Distributed bi-directional superstructure,02/01/2019,true
511,853,576,NOT_STARTED,Open-architected explicit portal,11/24/2019,true
512,720,513,IN_PROGRESS,Phased directional contingency,08/03/2019,false
513,979,33,NOT_STARTED,Grass-roots cohesive functionalities,03/08/2019,true
514,223,907,NOT_STARTED,Organized didactic contingency,06/21/2019,true
515,362,474,NOT_STARTED,Extended intangible architecture,12/25/2019,true
516,226,230,COMPLETE,Multi-lateral needs-based software,05/04/2019,false
517,459,870,NOT_STARTED,Reverse-engineered exuding productivity,01/15/2020,false
518,824,422,COMPLETE,,05/31/2019,false
519,550,486,COMPLETE,Virtual user-facing analyzer,10/22/2019,true
520,12,76,IN_PROGRESS,Secured methodical firmware,09/13/2019,true
521,898,21,COMPLETE,Open-architected multi-state frame,05/14/2019,false
522,398,88,NOT_STARTED,Reduced methodical ability,07/01/2019,false
523,989,218,IN_PROGRESS,Synchronised intermediate moderator,06/28/2019,true
524,190,316,COMPLETE,,08/22/2019,false
525,996,29,COMPLETE,Multi-layered demand-driven initiative,11/20/2019,false
526,575,315,IN_PROGRESS,Assimilated bandwidth-monitored definition,09/29/2019,true
527,523,635,IN_PROGRESS,,08/11/2019,false
528,226,389,NOT_STARTED,Fundamental dynamic synergy,04/04/2019,false
529,495,269,IN_PROGRESS,,08/17/2019,true
530,985,572,COMPLETE,Advanced actuating array,02/07/2019,false
531,886,588,COMPLETE,Profound empowering info-mediaries,02/28/2019,true
532,166,445,COMPLETE,Re-contextualized value-added website,03/16/2019,false
533,308,887,IN_PROGRESS,Right-sized actuating alliance,07/14/2019,false
534,672,610,COMPLETE,Sharable 4th generation array,02/13/2019,false
535,99,862,IN_PROGRESS,De-engineered intangible neural-net,10/12/2019,false
536,909,235,IN_PROGRESS,Front-line zero administration projection,09/29/2019,false
537,915,533,IN_PROGRESS,Object-based dedicated hub,02/15/2019,true
538,871,818,COMPLETE,User-friendly cohesive interface,01/24/2019,true
539,590,499,COMPLETE,,01/29/2019,false
540,800,292,IN_PROGRESS,,06/11/2019,true
541,795,22,NOT_STARTED,,02/28/2019,true
542,649,950,NOT_STARTED,Synergistic real-time utilisation,11/08/2019,false
543,280,974,NOT_STARTED,Ergonomic impactful info-mediaries,05/01/2019,false
544,316,602,NOT_STARTED,,02/05/2019,true
545,902,172,COMPLETE,Up-sized tertiary analyzer,06/12/2019,true
546,102,425,COMPLETE,Optimized upward-trending task-force,07/07/2019,false
547,107,230,IN_PROGRESS,Adaptive optimal array,08/15/2019,false
548,590,5,NOT_STARTED,Open-source solution-oriented forecast,06/21/2019,false
549,840,238,IN_PROGRESS,Optional neutral infrastructure,09/17/2019,false
550,847,167,COMPLETE,Quality-focused non-volatile complexity,09/01/2019,true
551,278,644,NOT_STARTED,Extended optimal approach,07/13/2019,false
552,468,304,IN_PROGRESS,Fully-configurable secondary service-desk,07/27/2019,false
553,431,894,IN_PROGRESS,,10/31/2019,false
554,824,366,NOT_STARTED,Managed 6th generation orchestration,01/23/2019,true
555,93,515,IN_PROGRESS,,04/18/2019,false
556,6,851,IN_PROGRESS,,09/20/2019,true
557,145,129,NOT_STARTED,Enhanced explicit firmware,08/30/2019,false
558,111,961,NOT_STARTED,Upgradable static capacity,10/24/2019,false
559,807,535,IN_PROGRESS,Innovative 24 hour contingency,06/11/2019,true
560,268,579,NOT_STARTED,Triple-buffered context-sensitive interface,02/08/2019,true
561,419,340,COMPLETE,Expanded composite definition,01/08/2020,true
562,937,558,COMPLETE,Expanded systematic ability,01/26/2019,true
563,939,769,IN_PROGRESS,Cross-platform high-level artificial intelligence,04/13/2019,false
564,879,32,NOT_STARTED,Implemented regional installation,02/25/2019,false
565,203,223,NOT_STARTED,Assimilated value-added capability,12/07/2019,false
566,103,691,COMPLETE,Synergistic composite infrastructure,04/22/2019,true
567,270,426,COMPLETE,,01/04/2020,true
568,882,779,COMPLETE,,03/12/2019,true
569,998,597,IN_PROGRESS,Visionary interactive hub,05/18/2019,true
570,100,454,IN_PROGRESS,Cross-platform mobile groupware,04/05/2019,true
571,256,177,COMPLETE,,05/23/2019,false
572,619,382,IN_PROGRESS,Profit-focused zero tolerance adapter,05/11/2019,true
573,725,169,IN_PROGRESS,Synergized explicit task-force,12/17/2019,false
574,417,837,COMPLETE,Cross-group multi-tasking system engine,09/19/2019,false
575,662,377,IN_PROGRESS,Sharable zero administration analyzer,03/16/2019,false
576,849,119,NOT_STARTED,Intuitive reciprocal Graphic Interface,11/26/2019,true
577,922,958,IN_PROGRESS,,03/27/2019,false
578,147,419,NOT_STARTED,User-centric asynchronous success,10/06/2019,true
579,93,845,IN_PROGRESS,Business-focused modular open architecture,06/24/2019,false
580,933,928,IN_PROGRESS,Synergized incremental encryption,04/15/2019,true
581,893,387,IN_PROGRESS,Multi-lateral content-based Graphical User Interface,06/28/2019,true
582,966,615,IN_PROGRESS,Multi-channelled hybrid database,10/14/2019,false
583,566,597,IN_PROGRESS,Total zero tolerance ability,06/15/2019,true
584,173,757,IN_PROGRESS,Implemented tertiary contingency,09/14/2019,false
585,895,624,COMPLETE,Phased local utilisation,05/22/2019,true
586,682,377,NOT_STARTED,,02/02/2019,true
587,705,245,COMPLETE,,10/17/2019,true
588,945,813,COMPLETE,Versatile neutral alliance,12/10/2019,false
589,849,214,COMPLETE,Horizontal stable artificial intelligence,02/22/2019,false
590,577,883,COMPLETE,Horizontal static solution,03/19/2019,true
591,848,915,COMPLETE,Upgradable client-server installation,03/18/2019,false
592,913,557,NOT_STARTED,,03/29/2019,false
593,422,884,IN_PROGRESS,Multi-channelled responsive encoding,04/12/2019,true
594,325,184,COMPLETE,Optional eco-centric project,07/08/2019,true
595,436,804,IN_PROGRESS,Phased composite open system,08/14/2019,false
596,592,32,IN_PROGRESS,Object-based didactic budgetary management,01/06/2020,true
597,227,347,NOT_STARTED,Balanced disintermediate matrices,06/02/2019,true
598,579,946,NOT_STARTED,Mandatory stable capacity,02/08/2019,true
599,203,460,NOT_STARTED,Programmable scalable structure,08/01/2019,true
600,128,941,NOT_STARTED,Synergistic secondary leverage,07/26/2019,true
601,658,66,IN_PROGRESS,Stand-alone human-resource Graphical User Interface,06/22/2019,false
602,757,509,COMPLETE,Open-source even-keeled challenge,01/01/2020,false
603,288,432,COMPLETE,,01/08/2020,true
604,731,803,IN_PROGRESS,Monitored disintermediate ability,03/11/2019,false
605,353,984,COMPLETE,Switchable demand-driven toolset,03/10/2019,false
606,609,658,IN_PROGRESS,Streamlined grid-enabled data-warehouse,11/28/2019,false
607,109,998,IN_PROGRESS,Multi-lateral scalable pricing structure,02/23/2019,false
608,304,986,IN_PROGRESS,Configurable modular paradigm,10/24/2019,true
609,349,809,COMPLETE,Intuitive bottom-line contingency,10/07/2019,true
610,492,130,NOT_STARTED,Pre-emptive foreground help-desk,05/17/2019,false
611,879,310,NOT_STARTED,Focused incremental access,03/05/2019,false
612,138,609,COMPLETE,Re-engineered well-modulated frame,12/30/2019,false
613,185,258,COMPLETE,Total methodical focus group,08/08/2019,true
614,199,295,NOT_STARTED,Function-based responsive toolset,03/28/2019,false
615,424,370,COMPLETE,Automated neutral functionalities,08/25/2019,false
616,970,105,COMPLETE,Reverse-engineered didactic project,11/29/2019,true
617,409,374,IN_PROGRESS,Universal foreground core,07/22/2019,true
618,583,388,NOT_STARTED,Enhanced dedicated moderator,07/06/2019,true
619,155,972,IN_PROGRESS,Synchronised regional project,10/26/2019,true
620,104,739,COMPLETE,Balanced multi-tasking hardware,06/12/2019,true
621,779,991,NOT_STARTED,Focused demand-driven methodology,08/16/2019,true
622,176,690,IN_PROGRESS,Customizable incremental standardization,03/17/2019,false
623,832,561,IN_PROGRESS,Cross-platform heuristic system engine,07/10/2019,false
624,849,90,COMPLETE,Progressive optimizing Graphical User Interface,06/21/2019,false
625,968,908,IN_PROGRESS,Persistent zero defect solution,04/25/2019,true
626,421,863,COMPLETE,Multi-layered methodical customer loyalty,03/18/2019,true
627,16,174,IN_PROGRESS,Expanded value-added matrix,11/20/2019,false
628,144,364,IN_PROGRESS,Compatible didactic encoding,06/26/2019,false
629,414,831,NOT_STARTED,Fully-configurable full-range projection,08/11/2019,false
630,334,431,IN_PROGRESS,Profit-focused solution-oriented intranet,09/29/2019,true
631,421,464,NOT_STARTED,,07/31/2019,false
632,867,532,IN_PROGRESS,Synergistic bi-directional productivity,09/23/2019,true
633,745,617,IN_PROGRESS,Expanded value-added Graphic Interface,11/26/2019,true
634,263,834,NOT_STARTED,Centralized client-driven Graphic Interface,01/18/2020,true
635,79,470,NOT_STARTED,Up-sized bandwidth-monitored infrastructure,11/03/2019,true
636,24,326,NOT_STARTED,Re-engineered 4th generation collaboration,12/20/2019,false
637,769,807,COMPLETE,Visionary interactive infrastructure,12/13/2019,true
638,627,349,IN_PROGRESS,Exclusive intangible alliance,12/30/2019,true
639,301,914,NOT_STARTED,Balanced neutral architecture,07/21/2019,true
640,653,340,COMPLETE,Function-based tertiary project,07/01/2019,true
641,827,340,NOT_STARTED,Assimilated national capacity,08/14/2019,true
642,223,743,COMPLETE,Devolved logistical adapter,03/13/2019,true
643,675,900,COMPLETE,Vision-oriented multimedia success,08/07/2019,false
644,246,84,IN_PROGRESS,Optimized responsive moratorium,09/12/2019,true
645,346,592,IN_PROGRESS,Managed tangible complexity,07/28/2019,false
646,332,329,IN_PROGRESS,,03/14/2019,true
647,248,168,COMPLETE,Multi-tiered systemic support,02/02/2019,false
648,721,884,COMPLETE,,03/06/2019,false
649,366,643,NOT_STARTED,Operative explicit focus group,05/04/2019,true
650,560,414,COMPLETE,,12/06/2019,false
651,587,62,IN_PROGRESS,Managed asymmetric collaboration,11/24/2019,false
652,53,587,IN_PROGRESS,Decentralized attitude-oriented standardization,07/04/2019,true
653,753,275,IN_PROGRESS,Optimized fault-tolerant extranet,10/01/2019,false
654,365,746,NOT_STARTED,Down-sized transitional leverage,07/06/2019,true
655,961,271,COMPLETE,Right-sized well-modulated collaboration,09/23/2019,true
656,751,745,NOT_STARTED,Cloned disintermediate adapter,01/08/2020,false
657,243,747,IN_PROGRESS,Customer-focused grid-enabled monitoring,08/26/2019,true
658,955,189,NOT_STARTED,Virtual demand-driven middleware,01/06/2020,true
659,707,469,IN_PROGRESS,Down-sized transitional array,02/16/2019,false
660,239,427,IN_PROGRESS,Customizable modular help-desk,04/13/2019,true
661,248,549,NOT_STARTED,Horizontal 24/7 leverage,03/14/2019,true
662,235,371,IN_PROGRESS,,10/23/2019,true
663,254,351,IN_PROGRESS,,01/29/2019,true
664,66,0,IN_PROGRESS,Synergistic transitional knowledge user,05/10/2019,false
665,785,50,IN_PROGRESS,,02/17/2019,true
666,837,260,COMPLETE,Vision-oriented context-sensitive system engine,02/20/2019,true
667,611,719,COMPLETE,Advanced demand-driven throughput,11/28/2019,false
668,520,633,COMPLETE,Reactive real-time secured line,09/28/2019,true
669,745,711,COMPLETE,Up-sized homogeneous infrastructure,01/28/2019,false
670,105,697,NOT_STARTED,Team-oriented zero tolerance access,11/07/2019,false
671,18,444,COMPLETE,Progressive national instruction set,06/26/2019,false
672,844,908,NOT_STARTED,Profound local orchestration,03/31/2019,true
673,279,177,COMPLETE,Total didactic implementation,11/20/2019,true
674,593,776,IN_PROGRESS,Grass-roots reciprocal attitude,11/23/2019,true
675,314,708,COMPLETE,,01/20/2020,false
676,390,24,NOT_STARTED,Synchronised 4th generation middleware,11/09/2019,true
677,877,453,IN_PROGRESS,Up-sized optimal challenge,07/05/2019,false
678,510,480,NOT_STARTED,Future-proofed leading edge complexity,04/13/2019,false
679,877,221,NOT_STARTED,Sharable mobile structure,07/04/2019,false
680,335,481,COMPLETE,Enhanced local secured line,05/21/2019,true
681,792,391,COMPLETE,Devolved 4th generation toolset,02/22/2019,false
682,321,183,COMPLETE,Managed intermediate middleware,10/05/2019,true
683,545,735,COMPLETE,Grass-roots zero tolerance product,06/22/2019,false
684,755,885,COMPLETE,Self-enabling executive strategy,11/23/2019,false
685,588,39,COMPLETE,,04/01/2019,true
686,233,738,NOT_STARTED,Reduced uniform pricing structure,08/29/2019,true
687,181,332,NOT_STARTED,Compatible full-range orchestration,02/19/2019,false
688,984,968,IN_PROGRESS,Fully-configurable didactic parallelism,07/29/2019,false
689,600,25,NOT_STARTED,Operative attitude-oriented Graphic Interface,12/20/2019,false
690,815,493,IN_PROGRESS,Intuitive interactive time-frame,11/15/2019,false
691,62,163,NOT_STARTED,,08/09/2019,true
692,15,259,NOT_STARTED,Distributed systematic software,11/21/2019,false
693,991,209,COMPLETE,Re-engineered 24/7 function,04/24/2019,true
694,713,4,IN_PROGRESS,,12/11/2019,true
695,459,98,COMPLETE,Front-line directional methodology,03/19/2019,false
696,880,705,IN_PROGRESS,,10/26/2019,false
697,60,491,COMPLETE,Virtual system-worthy matrix,06/30/2019,true
698,510,871,NOT_STARTED,De-engineered disintermediate instruction set,03/25/2019,true
699,238,970,IN_PROGRESS,Function-based systemic process improvement,05/09/2019,true
700,7,542,COMPLETE,Synergized fault-tolerant interface,05/07/2019,true
701,131,288,NOT_STARTED,Fully-configurable web-enabled local area network,08/25/2019,true
702,243,475,IN_PROGRESS,Reverse-engineered encompassing paradigm,08/06/2019,true
703,291,432,NOT_STARTED,,08/08/2019,true
704,15,712,NOT_STARTED,Optional background utilisation,03/26/2019,true
705,834,900,COMPLETE,Ergonomic human-resource model,05/24/2019,false
706,886,764,IN_PROGRESS,Ameliorated fresh-thinking policy,10/02/2019,false
707,232,533,COMPLETE,Front-line secondary matrices,01/02/2020,false
708,331,675,NOT_STARTED,Object-based zero tolerance portal,12/15/2019,true
709,511,865,IN_PROGRESS,Innovative interactive implementation,09/14/2019,true
710,496,167,COMPLETE,,08/29/2019,true
711,108,849,NOT_STARTED,Configurable local success,10/21/2019,true
712,747,979,IN_PROGRESS,Realigned 24 hour attitude,09/02/2019,false
713,323,428,IN_PROGRESS,Function-based object-oriented matrices,02/23/2019,false
714,292,491,IN_PROGRESS,Implemented methodical superstructure,02/21/2019,true
715,386,290,IN_PROGRESS,Self-enabling logistical customer loyalty,06/30/2019,true
716,5,818,NOT_STARTED,De-engineered empowering intranet,07/19/2019,true
717,85,210,NOT_STARTED,Advanced asynchronous architecture,11/10/2019,true
718,972,711,IN_PROGRESS,Synergized eco-centric emulation,07/17/2019,false
719,326,431,NOT_STARTED,Customer-focused system-worthy groupware,05/26/2019,true
720,665,783,NOT_STARTED,Synergized upward-trending algorithm,12/10/2019,true
721,534,763,IN_PROGRESS,,03/01/2019,false
722,618,49,IN_PROGRESS,Total optimizing portal,02/24/2019,true
723,436,641,IN_PROGRESS,Streamlined incremental Graphical User Interface,11/22/2019,true
724,233,233,IN_PROGRESS,Networked intangible superstructure,07/14/2019,true
725,385,68,IN_PROGRESS,,04/17/2019,true
726,82,81,COMPLETE,Multi-layered well-modulated firmware,11/01/2019,true
727,207,115,IN_PROGRESS,,05/30/2019,true
728,446,513,IN_PROGRESS,Automated intermediate paradigm,09/24/2019,false
729,473,120,IN_PROGRESS,Switchable uniform throughput,10/15/2019,true
730,739,227,NOT_STARTED,Function-based bifurcated function,07/29/2019,true
731,977,763,COMPLETE,Networked eco-centric workforce,12/26/2019,true
732,997,668,NOT_STARTED,Profound background data-warehouse,05/07/2019,false
733,370,586,NOT_STARTED,Progressive responsive project,03/19/2019,true
734,32,423,IN_PROGRESS,Versatile 24/7 Graphic Interface,04/16/2019,false
735,379,835,COMPLETE,Expanded 24/7 help-desk,04/18/2019,false
736,154,220,COMPLETE,Monitored global info-mediaries,04/09/2019,true
737,395,773,NOT_STARTED,Vision-oriented user-facing Graphic Interface,04/18/2019,true
738,302,66,IN_PROGRESS,Versatile multi-state success,10/24/2019,true
739,296,654,NOT_STARTED,,03/19/2019,true
740,498,791,COMPLETE,Realigned incremental concept,02/21/2019,false
741,301,402,NOT_STARTED,Realigned eco-centric conglomeration,02/08/2019,false
742,598,594,NOT_STARTED,Integrated contextually-based ability,01/20/2020,false
743,962,404,COMPLETE,,05/18/2019,false
744,96,438,IN_PROGRESS,Networked radical process improvement,07/05/2019,false
745,295,239,IN_PROGRESS,Organic user-facing application,09/18/2019,true
746,862,811,COMPLETE,Innovative web-enabled capacity,07/26/2019,true
747,244,692,NOT_STARTED,Integrated intangible middleware,04/19/2019,true
748,592,352,IN_PROGRESS,,02/22/2019,true
749,992,319,COMPLETE,Innovative zero tolerance projection,11/02/2019,false
750,510,801,COMPLETE,Realigned client-server system engine,04/03/2019,false
751,805,876,COMPLETE,Object-based uniform conglomeration,10/05/2019,false
752,859,622,IN_PROGRESS,Synergistic impactful data-warehouse,12/20/2019,false
753,981,205,IN_PROGRESS,,05/29/2019,false
754,695,255,COMPLETE,Advanced radical conglomeration,08/27/2019,false
755,212,500,COMPLETE,Networked 5th generation conglomeration,10/11/2019,false
756,437,274,COMPLETE,Fully-configurable explicit toolset,11/03/2019,false
757,502,963,IN_PROGRESS,Synergized asymmetric knowledge user,07/31/2019,true
758,644,17,NOT_STARTED,,01/17/2020,true
759,56,815,IN_PROGRESS,Programmable coherent hardware,02/02/2019,false
760,575,347,IN_PROGRESS,Compatible solution-oriented groupware,11/22/2019,true
761,627,203,NOT_STARTED,Persistent uniform framework,02/24/2019,false
762,247,571,COMPLETE,Exclusive exuding artificial intelligence,05/23/2019,false
763,398,445,IN_PROGRESS,,09/19/2019,false
764,840,17,IN_PROGRESS,Distributed coherent hub,02/19/2019,false
765,568,14,NOT_STARTED,Assimilated coherent firmware,10/29/2019,true
766,579,781,NOT_STARTED,User-centric hybrid contingency,10/16/2019,false
767,13,681,NOT_STARTED,Proactive impactful standardization,11/16/2019,true
768,602,126,IN_PROGRESS,Persistent bandwidth-monitored policy,11/17/2019,true
769,543,754,COMPLETE,Business-focused client-driven internet solution,03/03/2019,true
770,635,292,IN_PROGRESS,Future-proofed analyzing help-desk,06/02/2019,true
771,741,392,COMPLETE,,12/15/2019,false
772,594,827,IN_PROGRESS,,04/17/2019,false
773,88,419,NOT_STARTED,,02/04/2019,false
774,282,568,IN_PROGRESS,Persevering tangible contingency,01/12/2020,false
775,529,318,IN_PROGRESS,Stand-alone explicit open architecture,03/05/2019,false
776,294,216,IN_PROGRESS,Total content-based matrix,03/02/2019,true
777,684,499,NOT_STARTED,Virtual cohesive matrices,01/07/2020,false
778,26,79,NOT_STARTED,Customizable encompassing artificial intelligence,05/14/2019,false
779,385,283,COMPLETE,Persevering neutral focus group,04/03/2019,false
780,378,522,COMPLETE,,07/06/2019,true
781,881,31,IN_PROGRESS,Open-source secondary encoding,12/19/2019,true
782,483,291,IN_PROGRESS,,06/18/2019,true
783,334,77,IN_PROGRESS,Multi-channelled directional emulation,11/24/2019,false
784,287,900,IN_PROGRESS,Extended executive project,02/20/2019,true
785,676,622,COMPLETE,Cross-platform optimizing structure,06/17/2019,true
786,98,560,COMPLETE,Innovative intermediate complexity,06/17/2019,false
787,856,519,IN_PROGRESS,Networked demand-driven workforce,01/23/2019,false
788,282,410,IN_PROGRESS,Inverse next generation flexibility,01/07/2020,true
789,519,632,COMPLETE,,05/12/2019,true
790,492,258,COMPLETE,,02/21/2019,true
791,129,13,NOT_STARTED,Multi-channelled explicit conglomeration,04/25/2019,true
792,452,323,NOT_STARTED,Devolved attitude-oriented success,09/20/2019,false
793,676,534,COMPLETE,Assimilated composite knowledge user,08/26/2019,true
794,90,39,IN_PROGRESS,Front-line modular hub,06/11/2019,true
795,667,249,IN_PROGRESS,Re-contextualized coherent product,12/02/2019,true
796,357,967,COMPLETE,Face to face high-level structure,09/17/2019,false
797,699,649,COMPLETE,Team-oriented stable frame,10/22/2019,true
798,143,473,NOT_STARTED,Adaptive contextually-based time-frame,05/31/2019,true
799,763,732,IN_PROGRESS,,09/11/2019,true
800,356,877,IN_PROGRESS,Reverse-engineered grid-enabled analyzer,11/03/2019,false
801,955,346,IN_PROGRESS,Customer-focused client-server budgetary management,01/12/2020,true
802,573,843,IN_PROGRESS,Ergonomic transitional migration,01/22/2019,false
803,498,970,IN_PROGRESS,,05/18/2019,false
804,649,824,IN_PROGRESS,Optional zero administration instruction set,09/30/2019,false
805,908,820,COMPLETE,Cross-group hybrid Graphical User Interface,02/03/2019,false
806,445,922,NOT_STARTED,Organic optimizing moratorium,11/10/2019,false
807,697,238,COMPLETE,Progressive demand-driven infrastructure,11/03/2019,false
808,49,136,IN_PROGRESS,Digitized disintermediate algorithm,08/16/2019,true
809,36,678,COMPLETE,,07/30/2019,true
810,759,719,COMPLETE,,04/22/2019,false
811,558,96,IN_PROGRESS,Devolved 6th generation Graphical User Interface,05/26/2019,true
812,556,718,IN_PROGRESS,,09/16/2019,false
813,609,673,COMPLETE,Assimilated 4th generation encryption,01/29/2019,true
814,726,171,NOT_STARTED,Team-oriented leading edge interface,05/13/2019,true
815,929,142,NOT_STARTED,,10/27/2019,true
816,357,357,COMPLETE,Customizable homogeneous knowledge user,04/05/2019,false
817,677,148,COMPLETE,Upgradable impactful protocol,01/07/2020,true
818,694,851,NOT_STARTED,Function-based heuristic algorithm,05/17/2019,false
819,184,672,NOT_STARTED,,05/07/2019,true
820,621,232,IN_PROGRESS,Future-proofed clear-thinking neural-net,11/05/2019,true
821,455,465,NOT_STARTED,Synchronised value-added instruction set,03/24/2019,false
822,632,520,COMPLETE,Optimized user-facing definition,09/10/2019,true
823,147,340,IN_PROGRESS,Customer-focused bottom-line structure,08/05/2019,false
824,244,540,NOT_STARTED,Right-sized needs-based hub,02/11/2019,false
825,611,399,IN_PROGRESS,,06/11/2019,false
826,274,404,IN_PROGRESS,,08/24/2019,false
827,499,502,IN_PROGRESS,Decentralized client-server software,01/31/2019,false
828,61,85,IN_PROGRESS,Proactive tangible core,07/25/2019,false
829,650,837,COMPLETE,Enhanced human-resource paradigm,02/09/2019,true
830,335,122,IN_PROGRESS,Exclusive didactic alliance,06/09/2019,true
831,340,312,NOT_STARTED,Ameliorated 5th generation service-desk,05/27/2019,true
832,489,235,NOT_STARTED,Team-oriented reciprocal approach,01/31/2019,true
833,342,844,NOT_STARTED,Multi-layered zero defect throughput,10/03/2019,true
834,947,306,NOT_STARTED,Face to face well-modulated benchmark,06/25/2019,true
835,198,684,NOT_STARTED,Devolved bottom-line matrix,08/28/2019,false
836,205,691,NOT_STARTED,Multi-channelled intangible benchmark,07/02/2019,false
837,122,49,COMPLETE,,12/03/2019,true
838,435,955,COMPLETE,Inverse multimedia infrastructure,03/23/2019,true
839,729,843,IN_PROGRESS,Quality-focused bifurcated policy,06/13/2019,false
840,833,932,IN_PROGRESS,Multi-tiered hybrid leverage,01/11/2020,false
841,240,711,COMPLETE,Universal asynchronous workforce,09/25/2019,true
842,946,374,COMPLETE,Sharable well-modulated task-force,12/29/2019,false
843,622,810,NOT_STARTED,Devolved explicit knowledge user,06/18/2019,true
844,859,461,COMPLETE,Fully-configurable exuding application,04/12/2019,false
845,798,490,NOT_STARTED,Function-based holistic monitoring,10/18/2019,false
846,800,436,NOT_STARTED,,03/12/2019,true
847,920,896,IN_PROGRESS,Customizable well-modulated access,04/11/2019,true
848,552,558,COMPLETE,Multi-tiered explicit infrastructure,07/02/2019,true
849,663,521,IN_PROGRESS,,08/27/2019,false
850,549,648,NOT_STARTED,Devolved asynchronous database,09/05/2019,false
851,550,350,NOT_STARTED,Switchable maximized service-desk,12/12/2019,false
852,692,394,IN_PROGRESS,,05/20/2019,true
853,87,594,COMPLETE,Digitized content-based hierarchy,02/24/2019,true
854,73,800,NOT_STARTED,Diverse background architecture,09/09/2019,true
855,595,320,IN_PROGRESS,Public-key multimedia encryption,11/12/2019,true
856,170,579,NOT_STARTED,Balanced user-facing structure,02/10/2019,false
857,948,964,IN_PROGRESS,Adaptive disintermediate functionalities,11/06/2019,false
858,638,242,IN_PROGRESS,Organized neutral support,12/09/2019,false
859,669,145,IN_PROGRESS,,02/04/2019,true
860,225,133,NOT_STARTED,User-friendly motivating functionalities,12/22/2019,false
861,913,312,COMPLETE,Networked asynchronous leverage,12/16/2019,true
862,923,284,COMPLETE,,08/27/2019,false
863,541,543,IN_PROGRESS,Object-based modular database,11/13/2019,true
864,710,296,NOT_STARTED,User-friendly static pricing structure,02/11/2019,true
865,827,26,NOT_STARTED,Compatible tangible intranet,01/14/2020,false
866,790,8,IN_PROGRESS,,05/19/2019,false
867,705,603,IN_PROGRESS,Compatible incremental utilisation,08/20/2019,true
868,764,286,IN_PROGRESS,Customer-focused grid-enabled system engine,06/10/2019,false
869,739,18,NOT_STARTED,,07/22/2019,true
870,761,697,COMPLETE,,11/25/2019,true
871,502,781,COMPLETE,User-centric upward-trending methodology,02/27/2019,false
872,989,524,NOT_STARTED,Adaptive actuating functionalities,11/11/2019,true
873,741,722,COMPLETE,Reduced fresh-thinking open architecture,03/18/2019,true
874,637,145,NOT_STARTED,Cloned dedicated flexibility,06/11/2019,true
875,307,51,NOT_STARTED,Horizontal 5th generation approach,03/08/2019,true
876,75,302,NOT_STARTED,Up-sized next generation approach,06/28/2019,true
877,495,515,COMPLETE,Multi-tiered mobile emulation,12/21/2019,true
878,204,913,IN_PROGRESS,Switchable actuating leverage,12/21/2019,true
879,817,613,NOT_STARTED,Virtual foreground array,06/18/2019,true
880,399,656,NOT_STARTED,Automated 24/7 access,01/05/2020,true
881,811,148,IN_PROGRESS,Self-enabling zero administration open system,02/14/2019,true
882,82,990,IN_PROGRESS,Cloned holistic capacity,01/05/2020,false
883,375,255,IN_PROGRESS,Synergized maximized portal,09/02/2019,true
884,61,517,COMPLETE,Fundamental tertiary intranet,07/27/2019,false
885,957,667,NOT_STARTED,Organized logistical archive,12/04/2019,true
886,472,578,NOT_STARTED,Programmable hybrid website,09/14/2019,false
887,217,863,COMPLETE,Horizontal directional analyzer,10/05/2019,false
888,108,91,NOT_STARTED,Re-contextualized motivating middleware,01/03/2020,true
889,363,296,COMPLETE,Vision-oriented tangible hub,11/07/2019,true
890,568,110,NOT_STARTED,Compatible bi-directional array,11/21/2019,false
891,115,429,NOT_STARTED,Optimized scalable framework,03/12/2019,true
892,386,582,COMPLETE,Upgradable multimedia capacity,06/10/2019,true
893,874,721,IN_PROGRESS,Vision-oriented solution-oriented product,05/04/2019,true
894,290,856,IN_PROGRESS,Exclusive interactive algorithm,06/09/2019,true
895,139,753,COMPLETE,Up-sized 6th generation hierarchy,01/11/2020,false
896,288,392,IN_PROGRESS,Customizable regional process improvement,04/04/2019,true
897,695,830,NOT_STARTED,Phased systematic attitude,01/29/2019,false
898,756,756,IN_PROGRESS,Multi-lateral incremental firmware,07/15/2019,false
899,799,183,IN_PROGRESS,Cross-group 24 hour open architecture,03/06/2019,true
900,784,640,NOT_STARTED,Configurable stable access,05/30/2019,true
901,323,756,IN_PROGRESS,,08/10/2019,false
902,278,431,NOT_STARTED,Proactive multi-tasking leverage,11/01/2019,true
903,217,99,COMPLETE,Public-key object-oriented complexity,12/28/2019,false
904,554,281,NOT_STARTED,Managed actuating structure,06/01/2019,true
905,728,159,IN_PROGRESS,Devolved systematic definition,04/04/2019,false
906,605,279,IN_PROGRESS,Up-sized 24/7 project,12/06/2019,true
907,8,601,COMPLETE,Cross-group client-server Graphical User Interface,05/09/2019,false
908,97,896,IN_PROGRESS,Polarised logistical approach,01/17/2020,true
909,136,958,IN_PROGRESS,Networked didactic groupware,09/17/2019,false
910,434,896,NOT_STARTED,,06/17/2019,true
911,54,277,COMPLETE,Persevering composite time-frame,02/07/2019,false
912,515,553,IN_PROGRESS,,09/27/2019,true
913,165,680,COMPLETE,Cross-group coherent frame,02/23/2019,true
914,973,366,IN_PROGRESS,Stand-alone client-server customer loyalty,07/27/2019,true
915,744,964,COMPLETE,,07/17/2019,true
916,683,271,NOT_STARTED,Extended logistical extranet,08/14/2019,true
917,808,489,COMPLETE,Intuitive object-oriented archive,12/10/2019,false
918,529,437,IN_PROGRESS,Secured even-keeled benchmark,03/27/2019,true
919,410,931,IN_PROGRESS,Robust 5th generation process improvement,07/20/2019,true
920,585,943,NOT_STARTED,User-centric leading edge standardization,03/30/2019,false
921,854,342,IN_PROGRESS,,08/10/2019,false
922,13,29,NOT_STARTED,Seamless bottom-line open architecture,02/19/2019,false
923,24,322,COMPLETE,Upgradable multi-tasking conglomeration,06/01/2019,true
924,536,931,IN_PROGRESS,Robust explicit utilisation,06/28/2019,true
925,585,744,NOT_STARTED,Sharable human-resource portal,04/25/2019,false
926,474,15,IN_PROGRESS,Focused analyzing product,12/06/2019,true
927,349,448,COMPLETE,Compatible 5th generation capacity,08/13/2019,false
928,473,174,NOT_STARTED,Future-proofed bi-directional project,07/13/2019,false
929,138,321,IN_PROGRESS,Public-key intermediate synergy,10/02/2019,false
930,265,723,NOT_STARTED,Cloned zero administration protocol,11/11/2019,false
931,985,161,COMPLETE,Total regional architecture,02/07/2019,false
932,98,872,COMPLETE,Optimized secondary software,07/29/2019,true
933,19,905,IN_PROGRESS,Seamless human-resource throughput,07/17/2019,false
934,357,679,COMPLETE,Optional background ability,06/10/2019,false
935,478,599,IN_PROGRESS,User-centric logistical Graphic Interface,05/18/2019,false
936,761,983,NOT_STARTED,Right-sized dynamic forecast,10/21/2019,true
937,1,439,IN_PROGRESS,,09/02/2019,true
938,469,512,NOT_STARTED,Quality-focused zero administration emulation,06/10/2019,false
939,253,7,COMPLETE,Front-line hybrid portal,04/29/2019,false
940,368,639,IN_PROGRESS,,09/01/2019,false
941,737,190,COMPLETE,Operative multi-tasking knowledge user,05/18/2019,false
942,133,933,NOT_STARTED,Triple-buffered next generation definition,04/10/2019,false
943,405,753,COMPLETE,Distributed even-keeled data-warehouse,08/09/2019,true
944,634,365,NOT_STARTED,Face to face non-volatile middleware,12/31/2019,false
945,459,447,COMPLETE,User-centric 24 hour adapter,06/29/2019,false
946,842,5,IN_PROGRESS,Reactive non-volatile moderator,06/04/2019,false
947,185,348,COMPLETE,Progressive systemic pricing structure,02/06/2019,true
948,882,395,NOT_STARTED,Future-proofed actuating system engine,07/26/2019,true
949,115,939,IN_PROGRESS,Seamless asynchronous forecast,08/14/2019,true
950,845,495,COMPLETE,Up-sized attitude-oriented workforce,02/07/2019,true
951,372,320,COMPLETE,Quality-focused exuding encryption,05/08/2019,true
952,445,119,COMPLETE,Reactive maximized database,01/03/2020,true
953,815,47,NOT_STARTED,Integrated didactic website,11/02/2019,false
954,41,362,COMPLETE,Innovative even-keeled Graphical User Interface,08/29/2019,true
955,774,30,COMPLETE,Profound maximized info-mediaries,04/24/2019,false
956,728,204,NOT_STARTED,,09/22/2019,true
957,265,78,IN_PROGRESS,Up-sized attitude-oriented flexibility,06/27/2019,false
958,82,500,COMPLETE,Inverse even-keeled leverage,05/26/2019,false
959,422,674,NOT_STARTED,,01/22/2019,false
960,825,775,IN_PROGRESS,Quality-focused impactful neural-net,11/29/2019,false
961,347,836,NOT_STARTED,User-centric interactive framework,10/08/2019,false
962,572,249,COMPLETE,,02/07/2019,false
963,847,977,COMPLETE,Front-line non-volatile portal,12/26/2019,false
964,78,575,IN_PROGRESS,Profit-focused cohesive process improvement,09/13/2019,true
965,575,218,COMPLETE,Cloned grid-enabled approach,08/07/2019,true
966,205,506,IN_PROGRESS,,03/13/2019,false
967,108,662,COMPLETE,Front-line object-oriented toolset,05/30/2019,true
968,936,24,IN_PROGRESS,Visionary client-server alliance,06/17/2019,false
969,359,509,NOT_STARTED,Front-line well-modulated encryption,01/03/2020,false
970,580,698,NOT_STARTED,Self-enabling composite service-desk,03/02/2019,false
971,459,402,IN_PROGRESS,,10/09/2019,false
972,858,400,NOT_STARTED,Managed secondary groupware,04/07/2019,false
973,448,711,COMPLETE,Configurable asynchronous interface,01/30/2019,true
974,651,505,IN_PROGRESS,,01/04/2020,true
975,270,256,IN_PROGRESS,Multi-channelled 6th generation productivity,05/08/2019,false
976,714,466,IN_PROGRESS,Integrated modular capability,04/21/2019,true
977,282,841,COMPLETE,User-centric multi-state data-warehouse,09/09/2019,true
978,30,865,IN_PROGRESS,Exclusive solution-oriented core,08/26/2019,true
979,216,374,COMPLETE,Digitized homogeneous matrices,06/12/2019,false
980,62,348,COMPLETE,Integrated explicit success,06/14/2019,true
981,330,383,IN_PROGRESS,Ameliorated next generation functionalities,07/15/2019,true
982,47,804,COMPLETE,Customer-focused bottom-line frame,12/03/2019,true
983,331,666,COMPLETE,Implemented human-resource groupware,01/04/2020,true
984,554,317,COMPLETE,Ergonomic analyzing process improvement,11/10/2019,false
985,879,958,NOT_STARTED,Multi-channelled zero tolerance parallelism,12/29/2019,false
986,100,822,IN_PROGRESS,Fundamental 24/7 ability,02/01/2019,false
987,184,851,IN_PROGRESS,Programmable fresh-thinking hardware,02/17/2019,false
988,174,502,IN_PROGRESS,Seamless modular process improvement,08/15/2019,false
989,595,738,NOT_STARTED,,05/22/2019,false
990,681,143,COMPLETE,Polarised regional matrix,07/02/2019,true
991,816,75,COMPLETE,Intuitive attitude-oriented task-force,12/31/2019,true
992,185,271,NOT_STARTED,Implemented empowering migration,01/06/2020,false
993,704,907,IN_PROGRESS,Stand-alone solution-oriented firmware,11/11/2019,true
994,256,936,COMPLETE,Extended fresh-thinking open system,11/12/2019,true
995,752,349,COMPLETE,Persevering empowering analyzer,08/20/2019,false
996,731,222,IN_PROGRESS,Balanced value-added project,06/09/2019,false
997,682,704,COMPLETE,De-engineered logistical attitude,09/19/2019,false
998,978,677,COMPLETE,Cross-group needs-based instruction set,12/26/2019,false
999,524,467,COMPLETE,Horizontal heuristic artificial intelligence,03/09/2019,true
1000,635,481,IN_PROGRESS,Open-source zero administration neural-net,04/30/2019,false
